,id,proper,ra,dec,spect,hip,hd,hr,gl,bf,con,mag,dist,lum,rasc,dist_ly
0,0,Sol,0,0,G2V,,,,,,,-26.7,0,1,0,0
1,32263,Sirius,6.752481,-16.716116,A0m...,32349,48915,2491,Gl 244A,9Alp CMa,CMa,-1.44,2.6371,22.82443312,101.287215,8.601059876
2,30365,Canopus,6.399195,-52.69566,F0Ib,30438,45348,2326,,Alp Car,Car,-0.62,94.7867,13854.79168,95.987925,309.1525093
3,69451,Arcturus,14.26103,19.18241,K2IIIp,69673,124897,5340,Gl 541,16Alp Boo,Boo,-0.05,11.2575,115.5579955,213.91545,36.7170117
4,71456,Rigil Kentaurus,14.660765,-60.833976,G2V,71683,128620,5459,Gl 559A,Alp1Cen,Cen,-0.01,1.3248,1.543121066,219.911475,4.320914688
5,90979,Vega,18.61564,38.783692,A0Vvar,91262,172167,7001,Gl 721,3Alp Lyr,Lyr,0.03,7.6787,49.93441887,279.2346,25.04454077
6,24549,Capella,5.27815,45.997991,M1: comp,24608,34029,1708,Gl 194A,13Alp Aur,Aur,0.08,13.1234,139.3156803,79.17225,42.8027565
7,24378,Rigel,5.242298,-8.20164,B8Ia,24436,34085,1713,,19Bet Ori,Ori,0.18,264.5503,51665.42426,78.63447,862.8466765
8,37173,Procyon,7.655033,5.224993,F5IV-V,37279,61421,2943,Gl 280A,10Alp CMi,CMi,0.4,3.5142,7.440463662,114.825495,11.46177415
9,7574,Achernar,1.628556,-57.236757,B3Vp,7588,10144,472,,Alp Eri,Eri,0.45,42.7533,1051.961874,24.42834,139.4424531
10,27919,Betelgeuse,5.919529,7.407063,M2Ib,27989,39801,2061,,58Alp Ori,Ori,0.45,152.6718,13415.28798,88.792935,497.948236
11,68483,Hadar,14.063729,-60.373039,B1III,68702,122451,5267,,Bet Cen,Cen,0.61,120.1923,7171.334827,210.955935,392.014398
12,97338,Altair,19.846388,8.868322,A7IV-V,97649,187642,7557,Gl 768,53Alp Aql,Aql,0.76,5.1295,11.37627286,297.69582,16.73017202
13,60530,Acrux,12.443311,-63.099092,B0.5IV,60718,108248,4730,,Alp1Cru,Cru,0.77,98.7167,4176.37993,186.649665,321.9704401
14,21368,Aldebaran,4.598677,16.509301,K5III,21421,29139,1457,Gl 171.1A,87Alp Tau,Tau,0.87,20.4332,163.2300073,68.980155,66.64410779
16,65269,Spica,13.419883,-11.161322,B1V,65474,116658,5056,,67Alp Vir,Vir,0.98,76.5697,2070.141349,201.298245,249.7366707
17,80519,Antares,16.490128,-26.432002,M1Ib + B2.5V,80763,148478,6134,,21Alp Sco,Sco,1.06,169.7793,9453.66046,247.35192,553.7453737
18,37718,Pollux,7.755277,28.026199,K0IIIvar,37826,62509,2990,Gl 286,78Bet Gem,Gem,1.16,10.3584,32.09223768,116.329155,33.7845431
19,113008,Fomalhaut,22.960838,-29.622236,A3V,113368,216956,8728,Gl 881,24Alp PsA,PsA,1.17,7.7036,17.58733354,344.41257,25.12575362
20,101767,Deneb,20.690532,45.280338,A2Ia,102098,197345,7924,,50Alp Cyg,Cyg,1.25,432.9004,51617.86055,310.35798,1411.930629
21,62239,Becrux,12.795359,-59.688764,B0.5III,62434,111123,4853,,Bet Cru,Cru,1.25,85.3971,2008.167804,191.930385,278.5277655
22,71453,,14.660346,-60.8383,K1V,71681,128621,5460,Gl 559B,Alp2Cen,Cen,1.35,1.3248,0.440960816,219.90519,4.320914688
23,49528,Regulus,10.139532,11.967207,B7V,49669,87901,3982,,32Alp Leo,Leo,1.36,24.3132,147.0957077,152.09298,79.29896059
24,33492,Adhara,6.977097,-28.972084,B2II,33579,52089,2618,,21Eps CMa,CMa,1.5,124.2236,3375.981049,104.656455,405.1627248
25,36744,Castor,7.576634,31.888276,A2Vm,36850,60179,2891,Gl 278A,66Alp Gem,Gem,1.58,15.5958,49.4310687,113.64951,50.86663745
26,60893,Gacrux,12.519429,-57.113212,M4III,61084,108903,4763,,Gam Cru,Cru,1.59,27.1518,148.4567675,187.791435,88.55722481
27,85665,Shaula,17.560145,-37.103821,B1.5IV+...,85927,158926,6527,,35Lam Sco,Sco,1.62,175.1313,6008.969505,263.402175,571.2012428
28,25273,Bellatrix,5.418851,6.349702,B2III,25336,35468,1790,,24Gam Ori,Ori,1.64,77.3994,1152.391377,81.282765,252.4427871
29,25364,Alnath,5.438198,28.60745,B7III,25428,35497,1791,,112Bet Tau,Tau,1.65,41.0509,321.2180934,81.57297,133.8899734
30,45106,Miaplacidus,9.220041,-69.717208,A2IV,45238,80007,3685,,Bet Car,Car,1.67,34.6981,225.3201336,138.300615,113.169935
31,26246,Alnilam,5.603559,-1.20192,B0Ia,26311,37128,1903,,46Eps Ori,Ori,1.69,606.0606,67483.87309,84.053385,1976.703011
32,108922,Alnair,22.137209,-46.960975,B7IV,109268,209952,8425,Gl 848.2,Alp Gru,Gru,1.73,30.9693,169.8243652,332.058135,101.0082301
33,26662,Alnitak,5.679313,-1.942572,O9.5Ib SB,26727,37742,1948,,50Zet Ori,Ori,1.74,225.7336,8937.169609,85.189695,736.2436804
34,39840,,8.158876,-47.336588,WC8 + O9I,39953,68273,3207,,Gam2Vel,Vel,1.75,342.4658,20379.80386,122.38314,1116.972755
35,62757,Alioth,12.900472,55.959821,A0p,62956,112185,4905,,77Eps UMa,UMa,1.76,25.31,110.2554332,193.50708,82.5500836
36,89906,Kaus Australis,18.402868,-34.384616,B9.5III,90185,169022,6879,,20Eps Sgr,Sgr,1.79,43.9367,323.2957534,276.04302,143.3021833
37,15824,Mirphak,3.405378,49.86118,F5Ib,15863,20902,1017,,33Alp Per,Per,1.79,155.2795,4040.173354,51.08067,506.453406
38,53905,Dubhe,11.062155,61.751033,F7V comp,54061,95689,4301,,50Alp UMa,UMa,1.81,37.679,233.3458062,165.932325,122.8923192
39,34354,Wezen,7.139857,-26.3932,F8Ia,34444,54605,2693,,25Del CMa,CMa,1.83,492.6108,39192.23225,107.097855,1606.679681
40,67088,Alkaid,13.792354,49.313265,B3V SB,67301,120315,5191,,85Eta UMa,UMa,1.85,31.8674,160.9904076,206.88531,103.9374371
41,85965,Sargas,17.62198,-42.997824,F1II,86228,159532,6553,,The Sco,Sco,1.86,92.081,1331.680376,264.3297,300.3277064
42,40921,Avior,8.375236,-59.509483,K3III+B2V,41037,71129,3307,,Eps Car,Car,1.86,185.5288,5405.053537,125.62854,605.1133129
43,28288,Menkalinan,5.992149,44.947433,A2V,28360,40183,2088,NN 3375,34Bet Aur,Aur,1.9,24.8694,93.58365436,89.882235,81.11304026
44,82022,Atria,16.811077,-69.027715,K2IIb-IIIa,82273,150798,6217,,Alp TrA,TrA,1.91,119.7605,2151.79057,252.166155,390.6060564
45,31601,Alhena,6.628528,16.399252,A0IV,31681,47105,2421,,24Gam Gem,Gem,1.93,33.5121,165.3484012,99.42792,109.3017249
46,42794,,8.745059,-54.708821,A1V,42913,74956,3485,Gl 321.3A,Del Vel,Vel,1.93,24.6975,89.78421709,131.175885,80.5523781
47,100425,Peacock,20.427459,-56.73509,B2IV,100751,193924,7790,,Alp Pav,Pav,1.94,54.8246,438.5306978,306.411885,178.8137224
48,11734,Polaris,2.52975,89.264109,F7:Ib-IIv SB,11767,8890,424,,1Alp UMi,UMi,1.97,132.626,2495.743795,37.94625,432.5676566
49,30251,Mirzam,6.378329,-17.955918,B1II/III,30324,44743,2294,,2Bet CMa,CMa,1.98,151.0574,3209.223768,95.674935,492.6827735
50,46259,Alphard,9.45979,-8.658603,K3III,46390,81797,3748,,30Alp Hya,Hya,1.99,55.2792,425.7944536,141.89685,180.2964276
51,9861,Hamal,2.119555,23.462423,K2III,9884,12929,617,Gl 84.3,13Alp Ari,Ari,2.01,20.1776,55.66727982,31.793325,65.81045306
52,50440,Algieba,10.332873,19.841489,K0III,50583,89484,4057,,41Gam1Leo,Leo,2.01,39.8883,217.5704951,154.993095,130.0980837
53,3413,Diphda,0.72649,-17.986605,K0III,3419,4128,188,Gl 31,16Bet Cet,Cet,2.04,29.5334,116.091387,10.89735,96.3249561
54,92564,Nunki,18.92109,-26.296722,B2.5V,92855,175191,7121,,34Sig Sgr,Sgr,2.05,69.8324,642.6877173,283.81635,227.7625625
55,68714,Menkent,14.111395,-36.369954,K0IIIb,68933,123139,5288,Gl 539,5The Cen,Cen,2.06,18.0343,42.46195639,211.670925,58.81995151
56,5436,Mirach,1.162194,35.620558,M0IIIvar,5447,6860,337,Gl 53.3,43Bet And,And,2.07,60.5327,474.2419853,17.43291,197.431033
57,676,Alpheratz,0.139791,29.090432,B9p,677,358,15,,21Alp And,And,2.07,29.7442,114.4985535,2.096865,97.01249295
58,111768,,22.711115,-46.884577,M5III,112122,214952,8636,,Bet Gru,Gru,2.07,54.2594,380.8903765,340.666725,176.9702887
59,27298,Saiph,5.795941,-9.669605,B0.5Iavar,27366,38771,2004,,53Kap Ori,Ori,2.07,198.4127,5095.654806,86.939115,647.1349258
60,72380,Kochab,14.845105,74.155505,K4IIIvar,72607,131873,5563,,7Bet UMi,UMi,2.07,40.1445,208.5451048,222.676575,130.9336954
61,85769,Rasalhague,17.582241,12.560035,A5III,86032,159561,6556,Gl 681,55Alp Oph,Oph,2.08,14.8965,28.44461107,263.733615,48.58582854
62,14540,Algol,3.136148,40.955648,B8V,14576,19356,936,,26Bet Per,Per,2.09,27.571,96.56060985,47.04222,89.92447076
63,9618,Almaak,2.064984,42.329725,B8V,9640,12533,603,,57Gam1And,And,2.1,120.4819,1828.100216,30.97476,392.9589458
64,57459,Denebola,11.817663,14.57206,A3Vvar,57632,102647,4534,Gl 448,94Bet Leo,Leo,2.14,10.9999,14.68249968,177.264945,35.87683384
65,4417,Cih,0.945143,60.71674,B0IV:evar,4427,5394,264,,27Gam Cas,Cas,2.15,168.3502,3407.218617,14.177145,549.0842783
66,61739,,12.691971,-48.959888,A1IV,61932,110304,4819,,Gam Cen,Cen,2.2,39.9042,182.8100216,190.379565,130.1499426
67,45425,Tureis,9.284838,-59.275229,A8Ib,45556,80404,3699,,Iot Car,Car,2.21,234.7418,6269.024975,139.27257,765.6244652
68,39318,Naos,8.059737,-40.003148,O5IAf,39429,66811,3165,,Zet Pup,Pup,2.21,332.2259,12554.51674,120.896055,1083.574706
69,76035,Alphekka,15.578128,26.714693,A0V,76267,139006,5793,,5Alp CrB,CrB,2.22,23.0097,59.70352866,233.67192,75.04751713
70,100128,Sadr,20.370473,40.256679,F8Ib,100453,194093,7796,,37Gam Cyg,Cyg,2.23,561.7978,35253.31812,305.557095,1832.337233
71,44689,,9.133268,-43.432589,K4Ib-II,44816,78647,3634,,Lam Vel,Vel,2.23,166.9449,3113.149665,136.99902,544.500808
72,65173,Mizar,13.398747,54.925362,A2V,65378,116656,5054,NN 3783A,79Zet UMa,UMa,2.23,26.3089,77.3392578,200.981205,85.80805588
73,3172,Shedir,0.675116,56.537331,K0II-IIIvar,3179,3712,168,,18Alp Cas,Cas,2.24,69.979,542.0008904,10.12674,228.2407072
74,87561,Etamin,17.943437,51.488895,K5III,87833,164058,6705,,33Gam Dra,Dra,2.24,47.3037,247.5141318,269.151555,154.2838558
75,25865,Mintaka,5.533445,-0.299092,O9.5II,25930,36486,1852,,34Del Ori,Ori,2.25,212.3142,4943.10687,83.001675,692.4755022
76,744,Caph,0.152887,59.14978,F2III-IV,746,432,21,Gl 8,11Bet Cas,Cas,2.28,16.7842,30.06076303,2.293305,54.74267535
77,78165,Dschubba,16.005557,-22.62171,B0.2IV,78401,143275,5953,,7Del Sco,Sco,2.29,150.6024,2396.624529,240.083355,491.1987637
78,66447,,13.664796,-53.466394,B1III,66657,118716,5132,,Eps Cen,Cen,2.29,131.0616,1814.679779,204.97194,427.4652721
79,82144,,16.83608,-34.293232,K2IIIb,82396,151680,6241,,26Eps Sco,Sco,2.29,19.5351,40.3273793,252.5412,63.71490076
80,71634,,14.698823,-47.3882,B1.5III,71860,129056,5469,,Alp Lup,Lup,2.3,142.4501,2124.222477,220.482345,464.6095482
81,71125,,14.591786,-42.157824,B1Vn + A,71352,127972,5440,,Eta Cen,Cen,2.33,93.7207,894.5404838,218.87679,305.6756863
82,53754,Merak,11.030677,56.382427,A1V,53910,95418,4295,Wo 9343,48Bet UMa,UMa,2.34,24.4499,60.31148196,165.460155,79.74481584
83,71879,Izar,14.749784,27.074222,A0,72105,129988,5505,,36Eps Boo,Boo,2.35,62.1118,385.8335599,221.24676,202.5813624
84,106972,Enif,21.736433,9.875011,K2Ibvar,107315,206778,8308,,8Eps Peg,Peg,2.38,211.4165,4349.106072,326.046495,689.5475997
85,86403,,17.708132,-39.029983,B1.5III,86670,160578,6580,,Kap Sco,Sco,2.39,148.1481,2114.462562,265.62198,483.193917
86,2076,Ankaa,0.438056,-42.305981,K0III...,2081,2261,99,,Alp Phe,Phe,2.4,25.974,64.44659847,6.57084,84.71575944
87,57828,Phad,11.897168,53.69476,A0V SB,58001,103287,4554,,64Gam UMa,UMa,2.41,25.5037,61.54602374,178.45752,83.18184777
88,83755,,17.172968,-15.72491,A2.5Va,84012,155125,6378,Gl 656.1A,35Eta Oph,Oph,2.43,27.0929,68.17105263,257.59452,88.36511892
89,113521,Scheat,23.062901,28.082789,M2II-IIIvar,113881,217906,8775,,53Bet Peg,Peg,2.44,60.0962,332.3533036,345.943515,196.0073621
90,35806,Aludra,7.401584,-29.303104,B5Ia,35904,58350,2827,,31Eta CMa,CMa,2.45,609.7561,33915.63869,111.02376,1988.756106
91,104861,Alderamin,21.30963,62.585573,A7IV-V,105199,203280,8162,Gl 826,5Alp Cep,Cep,2.45,15.0376,20.62528698,319.64445,49.04603466
92,45809,,9.368562,-55.010668,B2IV,45941,81188,3734,,Kap Vel,Vel,2.47,175.4386,2756.76661,140.52843,572.2035202
93,102157,Gienah,20.770178,33.970256,K0III,102488,197989,7949,Gl 806.1A,53Eps Cyg,Cyg,2.48,22.2916,44.09608165,311.55267,72.7053909
94,113603,Markab,23.079348,15.205264,B9.5III,113963,218045,8781,,54Alp Peg,Peg,2.49,40.8831,146.9602899,346.19022,133.3426836
95,81130,,16.619316,-10.56709,O9.5V,81377,149757,6175,,13Zet Oph,Oph,2.54,112.2334,1057.791322,249.28974,366.0559681
96,14100,Menkar,3.037992,4.089734,M2III,14135,18884,911,,92Alp Cet,Cet,2.54,76.3942,489.7788194,45.56988,249.164267
97,67786,,13.925667,-47.288375,B2.5IV,68002,121263,5231,,Zet Cen,Cen,2.55,117.096,1140.775013,208.885005,381.9156298
98,78580,Graffias,16.09062,-19.805453,B0.5V,78820,144217,5984,,8Bet1Sco,Sco,2.56,123.9157,1265.901749,241.3593,404.1584905
99,54712,Zosma,11.235138,20.523717,A4V,54872,97603,4357,Gl 419,68Del Leo,Leo,2.56,17.9147,26.44843627,168.52707,58.42986893
100,59016,,12.13931,-50.722425,B2IVne,59196,105435,4621,,Del Cen,Cen,2.58,127.2265,1309.784962,182.08965,414.9568633
101,59621,Gienah Ghurab,12.263437,-17.541929,B8III,59803,106625,4662,,4Gam Crv,Crv,2.58,47.1032,179.4733627,183.951555,153.629913
102,25920,Arneb,5.545504,-17.822289,F0Ib,25985,36673,1865,,11Alp Lep,Lep,2.58,680.2721,37428.29122,83.18256,2218.74827
103,93213,,19.043532,-29.880105,A3IV,93506,176687,7194,,38Zet Sgr,Sgr,2.6,27.0416,58.07644175,285.65298,88.1978009
104,74556,Zubeneschemali,15.283449,-9.382917,B8V,74785,135742,5685,,27Bet Lib,Lib,2.61,56.7537,253.512863,229.251735,185.1055978
105,76835,Unukalhai,15.737798,6.425627,K2III,77070,140573,5854,Gl 596.2,24Alp Ser,Ser,2.63,22.6757,39.73745051,236.06697,73.95815609
106,8884,Sheratan,1.910668,20.808035,A5V...,8903,11636,553,Gl 80,6Bet Ari,Ari,2.64,17.9856,24.77422058,28.66002,58.66111354
107,28309,,5.995351,37.212585,A0p Si,28380,40312,2095,,37The Aur,Aur,2.65,50.7614,195.523967,89.930265,165.5613518
108,61166,Kraz,12.573121,-23.396759,G5II,61359,109379,4786,,9Bet Crv,Crv,2.65,44.6628,151.3561248,188.596815,145.670402
109,26569,Phakt,5.660817,-34.074108,B7IV,26634,37795,1956,,Alp Col,Col,2.65,80.1282,487.0796665,84.912255,261.342932
110,6672,Ruchbah,1.430216,60.235283,A5Vv SB,6686,8538,403,,37Del Cas,Cas,2.66,30.4785,69.82324041,21.45324,99.40745646
111,67711,Mufrid,13.911411,18.397717,G0IV,67927,121370,5235,Gl 534,8Eta Boo,Boo,2.68,11.396,9.585173977,208.671165,37.16873776
112,73046,,14.975537,-43.13396,B2III,73273,132058,5571,,Bet Lup,Lup,2.68,117.3709,1016.7168,224.633055,382.8122326
113,52575,,10.779488,-49.420255,G5III SB,52727,93497,4216,,Mu  Vel,Vel,2.69,35.9195,94.36262203,161.69232,117.1536044
114,61392,,12.619739,-69.135564,B2IV-V,61585,109668,4798,,Alp Mus,Mus,2.69,96.7118,683.5967668,189.296085,315.4313384
115,22961,Hassaleh,4.949894,33.16609,K3IIvar,23015,31398,1577,,3Iot Aur,Aur,2.69,151.2859,1673.400907,74.24841,493.42804
116,85436,,17.512732,-37.295811,B2IV,85696,158408,6508,,34Ups Sco,Sco,2.7,176.6784,2261.517746,262.69098,576.2472023
117,35169,,7.285711,-37.09747,K3Ib,35264,56855,2773,,Pi  Pup,Pup,2.71,247.5248,4397.440784,109.285665,807.3169867
118,89653,Kaus Meridionalis,18.3499,-29.828103,K3III,89931,168454,6859,,19Del Sgr,Sgr,2.72,106.6098,808.3510374,275.2485,347.7142593
119,96970,Tarazed,19.770994,10.613261,K3II,97278,186791,7525,,50Gam Aql,Aql,2.72,121.0654,1042.317429,296.56491,394.862066
120,80089,,16.39986,61.514213,G8III,80331,148387,6132,Gl 624.1A,14Eta Dra,Dra,2.73,28.2326,56.18236281,245.9979,92.08231886
121,79352,,16.239094,-3.694323,M1III,79593,146051,6056,,1Del Oph,Oph,2.73,52.4659,193.9099079,243.58641,171.1206808
122,61748,Porrima,12.694345,-1.449375,F0V+...,61941,110379,4825,Gl 482A,29Gam Vir,Vir,2.74,11.685,9.532350439,190.415175,38.1113286
123,52268,,10.715949,-64.39445,B0Vp,52419,93030,4199,,The Car,Car,2.74,139.6648,1361.444682,160.739235,455.5251251
124,64904,,13.343296,-36.712295,A2V,65109,115892,5028,Gl 508.1,Iot Cen,Cen,2.75,18.0213,22.46984104,200.14944,58.77755123
125,72396,Zubenelgenubi,14.847977,-16.041778,A3IV,72622,130841,5531,Gl 564.1,9Alp2Lib,Lib,2.75,23.2396,37.35940923,222.719655,75.79734978
126,26176,Hatsya,5.590551,-5.909901,O9III,26241,37043,1899,,44Iot Ori,Ori,2.75,714.2857,35285.80258,83.858265,2329.685668
127,86475,Cebalrai,17.724543,4.567303,K2III,86742,161096,6603,,60Bet Oph,Oph,2.76,25.0941,43.17178445,265.868145,81.8459128
128,84086,Rasalgethi,17.244127,14.390333,M5IIvar,84345,156014,6406,,64Alp1Her,Her,2.78,110.2536,818.0879579,258.661905,359.5987316
129,23820,Cursa,5.130829,-5.086446,A3IIIvar,23875,33111,1666,Wo 9175,67Bet Eri,Eri,2.78,27.3973,50.53589948,76.962435,89.35793779
130,80571,Kornephoros,16.503668,21.489613,G8III,80816,148856,6148,,27Bet Her,Her,2.78,42.6621,122.4616199,247.55502,139.1449989
131,59565,,12.252427,-58.748928,B2IV,59747,106490,4656,,Del Cru,Cru,2.79,105.8201,746.7925899,183.786405,345.1386054
132,85410,Rastaban,17.507213,52.301387,G2II,85670,159181,6536,,23Bet Dra,Dra,2.79,116.5501,906.1498022,262.608195,380.1351442
133,76065,,15.585681,-41.166757,B2IV,76297,138690,5776,,Gam Lup,Lup,2.8,129.0323,1099.512067,233.785215,420.8465884
134,81444,,16.688113,31.602726,F9IV,81693,150680,6212,Gl 635A,40Zet Her,Her,2.81,10.7158,7.51622894,250.321695,34.95022465
135,25542,Nihal,5.470756,-20.759441,G5II,25606,36079,1829,,9Bet Lep,Lep,2.81,49.1642,158.1976399,82.06134,160.3519882
136,81020,,16.598043,-28.216016,B0V,81266,149438,6165,,23Tau Sco,Sco,2.82,145.3488,1370.250597,248.970645,474.0638321
137,2016,,0.427916,-77.254247,G2IV,2021,2151,98,Gl 19,Bet Hyi,Hyi,2.82,7.4588,3.607447339,6.41874,24.32732373
138,90217,Kaus Borealis,18.466179,-25.4217,K1IIIb,90496,169916,6913,Gl 713.1,22Lam Sgr,Sgr,2.82,23.9693,37.25632385,276.992685,78.17731011
139,39644,,8.125737,-24.304324,F2mF5IIp,39757,67523,3185,,15Rho Pup,Pup,2.83,19.4818,24.3893373,121.886055,63.54105961
140,77716,,15.919083,-63.430727,F2III,77952,141891,5897,Gl 601A,Bet TrA,TrA,2.83,12.3778,9.84464364,238.786245,40.37093737
141,1065,Algenib,0.220598,15.183596,B2IV,1067,886,39,,88Gam Peg,Peg,2.83,120.048,926.4031007,3.30897,391.5437549
142,85530,,17.530695,-49.876145,B2Vne,85792,158427,6510,,Alp Ara,Ara,2.84,81.9672,427.7598315,262.960425,267.3409408
143,18201,,3.9022,31.883635,B1Ib,18246,24398,1203,,44Zet Per,Per,2.84,230.4147,3382.205567,58.533,751.5113689
144,84999,,17.421665,-55.529884,K3Ib-II,85258,157244,6461,,Bet Ara,Ara,2.84,198.0198,2498.043519,261.324975,645.8534589
145,118485,,7.576827,31.89052,A m,,60178,2890,Gl 278B,66Alp Gem,Gem,2.85,15.8053,15.76158905,113.652405,51.54993427
146,17661,Alcyone,3.79141,24.105137,B7III,17702,23630,1165,,25Eta Tau,Tau,2.85,123.6094,963.8290236,56.87115,403.1594747
147,63405,Vindemiatrix,13.036278,10.95915,G8IIIvar,63608,113226,4932,,47Eps Vir,Vir,2.85,33.6022,71.25248248,195.54417,109.5955914
148,107213,,21.784011,-16.127286,A5mF2 (IV),107556,207098,8322,Gl 837,49Del Cap,Cap,2.85,11.8666,8.887917199,326.760165,38.7036279
149,96858,,19.749574,45.13081,B9.5III,97165,186882,7528,,18Del Cyg,Cyg,2.86,50.5817,159.9558029,296.24361,164.9752495
150,9217,,1.979451,-61.569859,F0V,9236,12311,591,Gl 83,Alp Hyi,Hyi,2.86,22.0119,30.28307694,29.691765,71.79313256
151,30270,,6.382673,22.513586,M3IIIvar,30343,44478,2286,,13Mu  Gem,Gem,2.87,71.0227,312.4640086,95.740095,231.6447974
152,109784,,22.308371,-60.259587,K3III,110130,211416,8502,,Alp Tuc,Tuc,2.87,61.237,232.2736796,334.625565,199.7281497
153,74717,,15.315181,-68.679545,A1V,74946,135382,5671,,Gam TrA,TrA,2.87,56.3698,196.788629,229.727715,183.8534849
154,93846,Albaldah,19.162731,-21.023615,F2II/III,94141,178524,7264,,41Pi  Sgr,Sgr,2.88,156.25,1498.304211,287.440965,509.61875
155,13813,Acamar,2.971023,-40.304672,A4III+...,13847,18622,897,,The1Eri,Eri,2.88,49.4315,149.9684836,44.565345,161.2238031
156,36087,Gomeisa,7.452512,8.289315,B8Vvar,36188,58715,2845,,3Bet CMi,CMi,2.89,49.5786,149.4169957,111.78768,161.7035786
157,78029,,15.980865,-26.114105,B1V + B2V,78265,143018,5944,,6Pi  Sco,Sco,2.89,179.5332,1960.649667,239.712975,585.5583038
158,62925,Cor Caroli,12.933807,38.31838,A0spe...,63125,112413,4915,,12Alp2CVn,CVn,2.89,35.1989,75.37025767,194.007105,114.8033243
159,79870,,16.353143,-25.592796,B1III,80112,147165,6084,,20Sig Sco,Sco,2.9,213.6752,2751.693133,245.297145,696.9144853
160,18485,,3.96423,40.010215,B0.5V,18532,24760,1220,,45Eps Per,Per,2.9,195.6947,2307.80973,59.46345,638.2700057
161,105936,Sadalsuud,21.525982,-5.571172,G0Ib,106278,204867,8232,,22Bet Aqr,Aqr,2.9,164.7446,1635.309652,322.88973,537.3243976
162,14292,,3.079942,53.50644,G8III+...,14328,18925,915,,23Gam Per,Per,2.91,74.5712,332.0473358,46.19913,243.2184431
163,47866,,9.785036,-65.072007,A9,48002,85123,3890,,Ups Car,Car,2.92,440.5286,11481.53621,146.77554,1436.810461
164,111804,Matar,22.716704,30.221245,G2II-III..,112158,215182,8650,,44Eta Peg,Peg,2.93,65.703,253.0463049,340.75056,214.2942767
165,32682,,6.832266,-50.61456,K0III...,32768,50310,2553,,Tau Pup,Pup,2.94,55.8036,180.8006552,102.48399,182.0067896
166,60776,Algorab,12.497739,-16.515432,B9.5V,60965,108767,4757,,7Del Crv,Crv,2.94,26.6312,41.19077849,187.466085,86.85925667
167,108728,Sadalmelik,22.096399,-0.319851,G2Ib,109074,209750,8414,,34Alp Aqr,Aqr,2.95,160.5136,1483.200967,331.445985,523.5247372
168,47772,Ras Elased Australis,9.764188,23.774255,G0II,47908,84441,3873,,17Eps Leo,Leo,2.97,75.643,323.2957534,146.46282,246.7141831
169,18497,Zaurak,3.967157,-13.508515,M1IIIb Ca-1,18543,25025,1231,,34Gam Eri,Eri,2.97,62.3441,219.5836501,59.507355,203.3390228
170,26386,,5.627413,21.142549,B4IIIp,26451,37202,1910,,123Zet Tau,Tau,2.97,136.4256,1050.993427,84.411195,444.9602799
171,88361,Nash,18.096803,-30.424091,K0III,88635,165135,6746,,10Gam2Sgr,Sgr,2.98,29.7,49.38556196,271.452045,96.868332
172,86804,,17.793078,-40.126997,F3Ia,87073,161471,6615,,Iot1Sco,Sco,2.99,591.716,19426.74323,266.89617,1929.917237
173,93452,,19.090169,13.863478,A0Vn,93747,177724,7235,NN 4095A,17Zet Aql,Aql,2.99,25.4582,35.94181463,286.352535,83.03344679
174,64758,,13.315359,-23.171512,G8III,64962,115659,5020,,46Gam Hya,Hya,2.99,41.0341,93.41142557,199.730385,133.8351792
175,54380,,11.161062,44.498487,K1III,54539,96833,4335,,52Psi UMa,UMa,3,44.3066,107.8449963,167.41593,144.5086343
176,82263,,16.864509,-38.04738,B1.5IV + B,82514,151890,6247,,Mu 1Sco,Sco,3,153.6098,1296.582035,252.967635,501.0075793
177,10041,,2.159058,34.987297,A5III,10064,13161,622,,4Bet Tri,Tri,3,38.8954,83.0998041,32.38587,126.8596808
178,107742,,21.898808,-37.364852,B8III,108085,207971,8353,,Gam Gru,Gru,3,64.7249,230.1441817,328.48212,211.1041448
179,74868,,15.345483,71.834016,A3II-III,75097,137422,5735,,13Gam UMi,UMi,3,149.2537,1224.616199,230.182245,486.7998978
180,17316,,3.715416,47.787551,B5III SB,17358,22928,1122,,39Del Per,Per,3.01,158.2278,1362.699197,55.73124,516.0694634
181,30049,,6.338553,-30.063367,B2.5V,30122,44402,2282,,1Zet CMa,CMa,3.02,111.1111,666.1929002,95.078295,362.3955193
182,33888,,7.050409,-23.833291,B3Ia,33977,53138,2653,,24Omi2CMa,CMa,3.02,847.4576,38761.44867,105.756135,2764.03381
183,59134,,12.168746,-22.619766,K2III,59316,105707,4630,,2Eps Crv,Crv,3.02,97.4659,512.3892387,182.53119,317.8908808
184,23361,,5.032815,43.823308,F0Ia,23416,31964,1605,,7Eps Aur,Aur,3.03,653.5948,22845.46489,75.492225,2131.738656
185,70851,,14.534636,38.308253,A7IIIvar,71075,127762,5435,,27Gam Boo,Boo,3.04,26.6099,37.49730022,218.01954,86.78978544
186,62127,,12.771346,-68.108119,B2V,62322,110879,4844,,Bet Mus,Mus,3.04,104.712,580.7644175,191.57019,341.5244707
187,100020,,20.350187,-14.781367,A5:n,100345,193495,7776,,9Bet Cap,Cap,3.05,100.2004,526.7444883,305.252805,326.8096166
188,95648,Albireo,19.512023,27.959681,K3II+...,95947,183912,7417,,6Bet1Cyg,Cyg,3.05,133.1558,930.6791832,292.680345,434.295631
189,32161,,6.732202,25.131124,A3mA6-A9,32246,48329,2473,,27Eps Gem,Gem,3.06,259.0674,3489.795674,100.98303,844.9638691
190,50655,,10.372155,41.499516,M0III SB,50801,89758,4069,,34Mu  UMa,UMa,3.06,70.6215,259.4179362,155.582325,230.3362595
191,94081,,19.209225,67.661541,G9III,94376,180711,7310,,57Del Dra,Dra,3.07,29.8686,45.96211447,288.138375,97.41823102
192,89364,,18.293793,-36.761686,M2III,89642,167618,6832,,Eta Sgr,Sgr,3.1,44.7427,100.3690931,274.406895,145.9310006
193,43689,,8.92323,5.945563,G8III-IV,43813,76294,3547,,16Zet Hya,Hya,3.11,51.2558,130.4968414,133.84845,167.173867
194,101445,,20.626116,-47.291502,K0III,101772,196171,7869,Gl 794.1,Alp Ind,Ind,3.11,30.1477,45.12321133,309.39174,98.32853241
195,52789,,10.827079,-16.193648,K0/K1III,52943,93813,4232,,Nu  Hya,Hya,3.11,44.0723,96.47171519,162.406185,143.7444508
196,56392,,11.596363,-63.019841,B9II:,56561,100841,4467,,Lam Cen,Cen,3.11,128.7001,822.6213939,173.945445,419.7630982
197,84121,,17.250531,24.839204,A3IVv SB,84379,156164,6410,NN 3995A,65Del Her,Her,3.12,23.0362,26.10958687,258.757965,75.13394847
198,44000,,8.986828,48.041826,A7IV,44127,76644,3569,Gl 331A,9Iot UMa,UMa,3.12,14.5096,10.35618977,134.80242,47.32393098
199,82826,,16.977006,-55.990141,K5III,83081,152786,6285,Wo 9581,Zet Ara,Ara,3.12,149.0313,1092.446053,254.65509,486.0745268
200,27559,,5.849329,-35.768309,K1.5III,27628,39425,2040,,Bet Col,Col,3.12,26.7308,35.15604405,87.739935,87.18410805
201,73107,,14.986025,-42.104194,B2IV,73334,132200,5576,,Kap Cen,Cen,3.13,117.5088,672.9766563,224.790375,383.2620017
202,45728,,9.350925,34.392562,M0IIIvar,45860,80493,3705,,40Alp Lyn,Lyn,3.14,62.2665,187.2405896,140.263875,203.0859257
203,84122,,17.250788,36.809162,K3IIvar,84380,156283,6418,,67Pi  Her,Her,3.16,115.4734,632.120682,258.76182,376.6234225
204,46568,,9.520371,-57.034377,K5III,46701,82668,3803,,,Vel,3.16,73.2601,254.4485615,142.805565,238.9422118
205,46720,,9.547715,51.6773,F6IV,46853,82328,3775,Gl 354A,25The UMa,UMa,3.17,13.4789,8.534930716,143.215725,43.96224108
206,91754,,18.76094,-26.990778,B8.5III,92041,173300,7039,,27Phi Sgr,Sgr,3.17,73.3676,253.0463049,281.4141,239.2928295
207,31605,,6.629353,-43.195934,B8III SB,31685,47670,2451,,Nu  Pup,Pup,3.17,113.8952,609.817664,99.440295,371.4760285
208,83638,,17.146448,65.714683,B6III,83895,155763,6396,,22Zet Dra,Dra,3.17,100.7049,476.4309868,257.19672,328.4550736
209,23712,,5.10858,41.234474,B3V,23767,32630,1641,,10Eta Aur,Aur,3.18,74.6269,259.1791135,76.6287,243.400112
210,71682,,14.708492,-64.975138,F1Vp,71908,128898,5463,Gl 560A,Alp Cir,Cir,3.18,16.57,12.78792263,220.62738,54.0440492
211,22396,,4.830669,6.961276,F6V,22449,30652,1543,Gl 178,1Pi 3Ori,Ori,3.19,8.0684,3.003308879,72.460035,26.3155707
212,82745,,16.961139,9.375033,K2IIIvar,83000,153210,6299,,27Kap Oph,Oph,3.19,28.0426,36.27438015,254.417085,91.46262246
213,23630,,5.091018,-22.371032,K4III,23685,32887,1654,,2Eps Lep,Lep,3.19,65.4022,197.333128,76.36527,213.3131994
214,86991,,17.830965,-37.043304,K0/K1III,87261,161892,6630,,,Sco,3.19,38.5802,68.67521061,267.464475,125.8316371
215,116361,,23.65582,77.632276,K1IV,116727,222404,8974,Gl 903,35Gam Cep,Cep,3.21,14.1024,9.003264311,354.8373,45.99582374
216,104394,,21.215607,30.226916,G8II SB,104732,202109,8115,,64Zet Cyg,Cyg,3.21,43.8789,87.17661466,318.234105,143.1136651
217,74912,,15.356201,-40.647518,B1.5IV,75141,136298,5695,,Del Lup,Lup,3.22,271.0027,3296.097122,230.343015,883.8915662
218,89684,,18.355167,-2.898825,K0III-IV,89962,168723,6869,Gl 711,58Eta Ser,Ser,3.23,18.5426,15.28973647,275.327505,60.47780246
219,79640,,16.305358,-4.692511,G8III,79882,146791,6075,NN 3949,2Eps Oph,Oph,3.23,32.6371,47.38053933,244.58037,106.4478599
220,105691,,21.477662,70.560716,B2IIIv SB,106032,205021,8238,,8Bet Cep,Cep,3.23,210.084,1962.456324,322.16493,685.201571
221,99156,,20.188413,-0.821461,B9.5III,99473,191692,7710,,65The Aql,Aql,3.24,87.7963,339.4689054,302.826195,286.3529002
222,32521,,6.803194,-61.941391,A7IV,32607,50241,2550,Gl 248,Alp Pic,Pic,3.24,29.6033,38.61890894,102.04791,96.55293915
223,68675,,14.106193,-26.682361,K2III,68895,123123,5287,Gl 538.1,49Pi  Hya,Hya,3.25,30.9598,41.84080196,211.592895,100.9772453
224,92902,,18.982395,32.689557,B9III,93194,176437,7178,,14Gam Lyr,Lyr,3.25,190.1141,1577.61127,284.735925,620.068544
225,73486,,15.067839,-25.281965,M3/M4III,73714,133216,5603,,20Sig Lib,Lib,3.25,88.4173,341.3500729,226.017585,288.378329
226,36274,,7.487179,-43.301432,K5III SB,36377,59717,2878,,Sig Pup,Pup,3.25,59.3824,153.886315,112.307685,193.6792605
227,17637,,3.787295,-74.238962,M2III,17678,24512,1208,,Gam Hyi,Hyi,3.26,65.6168,186.2087137,56.809425,214.0131302
228,112776,,22.910837,-15.82082,A3V,113136,216627,8709,,76Del Aqr,Aqr,3.27,49.2368,103.8484455,343.662555,160.5887774
229,3086,,0.655462,30.861024,K3III...,3092,3627,165,,31Del And,And,3.27,32.352,44.87453899,9.83193,105.5179891
230,84711,,17.366827,-24.999545,B2IV,84970,157056,6453,,42The Oph,Oph,3.27,133.6898,765.5966069,260.502405,436.0373041
231,49958,,10.228961,-70.037903,B8III,50099,89080,4037,,Ome Car,Car,3.29,104.8218,462.1681361,153.434415,341.88259
232,75229,,15.415494,58.966065,K2III,75458,137759,5744,,12Iot Dra,Dra,3.29,31.027,40.51352202,231.23241,101.1964221
233,24249,,5.215528,-16.205468,B9IV: HgMn,24305,33904,1702,,5Mu  Lep,Lep,3.29,57.0125,136.7728826,78.23292,185.9496895
234,51428,,10.533743,-61.685332,B4Vne,51576,91465,4140,,,Car,3.3,148.1481,914.5343031,158.006145,483.193917
235,21228,,4.566598,-55.044975,A0V:,21281,29305,1465,,Alp Dor,Dor,3.3,51.7063,111.4807803,68.49897,168.6431998
236,85008,,17.423239,-56.377727,B1Ib,85267,157246,6462,,Gam Ara,Ara,3.31,341.2969,4812.824219,261.348585,1113.160317
237,29582,,6.247961,22.506799,M3III,29655,42995,2216,,7Eta Gem,Gem,3.31,117.9245,574.3809135,93.719415,384.6178322
238,59592,Megrez,12.257086,57.032617,A3Vvar,59774,106591,4660,Gl 459,69Del UMa,UMa,3.32,24.6853,24.93446188,183.85629,80.51258707
239,83885,,17.202552,-43.239189,F3p,84143,155203,6380,Gl 657,Eta Sco,Sco,3.32,22.5276,20.77782098,258.03828,73.47511906
240,87775,,17.983775,-9.773632,K0III,88048,163917,6698,,64Nu  Oph,Oph,3.32,46.2107,87.41782564,269.756625,150.7189707
241,5154,,1.101407,-46.718414,G8IIIvar,5165,6595,322,,Bet Phe,Phe,3.32,100000,409260659.7,16.521105,326156
242,93569,,19.11567,-27.670423,K1/K2III,93864,177716,7234,Wo 9643,40Tau Sgr,Sgr,3.32,37.2856,56.91149576,286.73505,121.6092215
243,14318,,3.08627,38.840274,M3IIIvar,14354,19058,921,,25Rho Per,Per,3.32,94.3396,364.0826638,46.29405,307.6942658
244,54718,,11.237335,15.42957,A2V,54879,97633,4359,,70The Leo,Leo,3.33,50.6073,103.8484455,168.560025,165.0587454
245,19730,,4.240404,-62.473858,G7III,19780,27256,1336,,Alp Ret,Ret,3.33,49.554,99.54054174,63.60606,161.6233442
246,38062,,7.821571,-24.859786,G6Ia,38170,63700,3045,,7Xi  Pup,Pup,3.34,367.6471,5430.002131,117.323565,1199.103075
247,32276,,6.754824,12.895591,F5IV,32362,48737,2484,Gl 242,31Xi  Gem,Gem,3.35,17.9986,12.8943662,101.32236,58.70351382
248,25218,,5.407949,-2.397146,B1V + B2,25281,35411,1788,,28Eta Ori,Ori,3.35,299.4012,3567.795883,81.119235,976.5149779
249,8867,,1.906584,63.670101,B2pvar,8886,11415,542,,45Eps Cas,Cas,3.35,126.2626,634.4537958,28.59876,411.8130457
250,41586,,8.504431,60.718169,G4II-III,41704,71369,3323,,1Omi UMa,UMa,3.35,54.9149,120.005182,127.566465,179.1082412
251,95207,,19.424972,3.114775,F0IV,95501,182640,7377,Gl 760,30Del Aql,Aql,3.36,15.5255,9.506047937,291.37458,50.63734978
252,75035,,15.378021,-44.689622,B2IV-V,75264,136504,5708,,Eps Lup,Lup,3.37,156.9859,962.941713,230.670315,512.018932
253,66040,,13.57822,-0.59582,A3V,66249,118098,5107,NN 3792,79Zet Vir,Vir,3.38,22.7118,19.97100866,203.6733,74.07589841
254,42990,,8.779587,6.418809,G0III-IV,43109,74874,3482,,11Eps Hya,Hya,3.38,39.6354,60.81350013,131.693805,129.2732352
255,50229,,10.28472,-61.332304,K3II,50371,89388,4050,,,Car,3.39,201.6129,1560.270869,154.2708,657.5725701
256,109146,,22.180908,58.201261,K1Ibv SB,109492,210745,8465,,21Zet Cep,Cep,3.39,256.4103,2523.480772,332.71362,836.2975781
257,62890,,12.926725,3.39747,M3III,63090,112300,4910,,43Del Vir,Vir,3.39,60.8273,141.9057522,193.900875,198.3918886
258,26142,,5.585633,9.934158,O...,26207,36861,1879,,39Lam Ori,Ori,3.39,336.7003,4349.106072,83.784495,1098.16823
259,119131,,17.172783,-15.726921,A3 V,,,,Gl 656.1B,,Oph,3.4,25.7931,25.30463049,257.591745,84.12574324
260,20842,,4.477705,15.870883,A7III,20894,28319,1412,,78The2Tau,Tau,3.4,46.1042,80.83510374,67.165575,150.3716146
261,111676,,22.691033,10.831364,B8.5V,112029,214923,8634,,42Zet Peg,Peg,3.41,62.6566,147.9108388,340.365495,204.3582603
262,74167,,15.20476,-52.099247,G8III,74395,134505,5649,Wo 9512A,Zet Lup,Lup,3.41,35.9712,48.75284901,228.0714,117.3222271
263,6853,,1.472759,-43.318234,K5II-III,6867,9053,429,,Gam Phe,Phe,3.41,71.6332,193.3748545,22.091385,233.6359798
264,18677,,4.011338,12.490347,B3V + A,18724,25204,1239,,35Lam Tau,Tau,3.41,148.368,829.4686951,60.17007,483.9111341
265,67251,,13.825078,-41.687709,B2IV,67464,120307,5190,,Nu  Cen,Cen,3.41,133.8688,674.8387309,207.37617,436.6211233
266,102091,,20.754811,61.838782,K0IV,102422,198149,7957,Gl 807,3Eta Cep,Cep,3.41,14.2653,7.663020723,311.322165,46.52713187
267,78148,,16.002036,-38.396706,B2.5IV,78384,143118,5948,,Eta Lup,Lup,3.42,135.5014,685.4882265,240.03054,441.9459462
268,8777,,1.884696,29.578829,F6IV,8796,11443,544,Gl 78.1,2Alp Tri,Tri,3.42,19.4175,14.07343138,28.27044,63.3313413
269,86705,,17.774319,27.720676,G5IV,86974,161797,6623,Gl 695A,86Mu  Her,Her,3.42,8.3105,2.57750787,266.614785,27.10519438
270,102064,,20.749314,-66.203212,A5IV,102395,197051,7913,,Bet Pav,Pav,3.42,41.425,64.03243245,311.23971,135.110123
271,50193,,10.278171,23.417311,F0III,50335,89025,4031,,36Zet Leo,Leo,3.43,84.0336,261.0958687,154.172565,274.0806284
272,44952,,9.182804,-58.966896,B2IV,45080,79351,3659,,,Car,3.43,136.9863,693.7452139,137.74206,446.7890366
273,93510,,19.10415,-4.882554,B9Vn,93805,177756,7236,,16Lam Aql,Aql,3.43,37.9219,53.16183951,286.56225,123.6845522
274,50230,,10.284952,42.914365,A2IV,50372,89021,4033,,33Lam UMa,UMa,3.45,42.1585,64.50598333,154.27428,137.5024773
275,5353,,1.143164,-10.182264,K2III,5364,6805,334,NN 3075,31Eta Cet,Cet,3.46,37.9939,51.9517283,17.14746,123.9193845
276,74438,,15.258376,33.314833,G8III,74666,135722,5681,,49Del Boo,Boo,3.46,37.3413,50.16490568,228.87564,121.7908904
277,3814,,0.81826,57.815187,G0V SB,3821,4614,219,Gl 34A,24Eta Cas,Cas,3.46,5.9531,1.275263706,12.2739,19.41639284
278,38713,,7.946313,-52.98236,B3IVp,38827,65575,3117,,Chi Car,Car,3.46,139.47,699.5197811,119.194695,454.8897732
279,67259,,13.826943,-42.473732,B2IV-Ve,67472,120324,5193,,Mu  Cen,Cen,3.47,155.0388,856.6432556,207.404145,505.6683485
280,12673,,2.721678,3.235818,A3V,12706,16970,804,Gl 106.1A,86Gam Cet,Cet,3.47,24.4081,21.24222477,40.82517,79.60848264
281,49441,,10.122209,16.762664,A0Ib,49583,87737,3975,,30Eta Leo,Leo,3.48,389.1051,5345.643594,151.833135,1269.08963
282,81583,,16.714933,38.922254,G8III-IV,81833,150997,6220,,44Eta Her,Her,3.48,33.3111,39.19223225,250.723995,108.6461513
283,73327,,15.032436,40.390566,G8III,73555,133208,5602,,42Bet Boo,Boo,3.49,69.0608,166.8783511,225.48654,225.2459428
284,8087,,1.734479,-15.93748,G8V,8102,10700,509,Gl 71,52Tau Cet,Cet,3.49,3.6502,0.466444525,26.017185,11.90534631
285,90143,,18.449561,-45.968459,B3IV,90422,169467,6897,,Alp Tel,Tel,3.49,85.1789,253.9802814,276.743415,277.8160931
286,112263,,22.809239,-51.316864,A3V,112623,215789,8675,Wo 9796,Eps Gru,Gru,3.49,39.5257,54.65123745,342.138585,128.9154421
287,55055,,11.307983,33.094306,K3III SB,55219,98262,4377,,54Nu  UMa,UMa,3.49,122.399,524.3243172,169.619745,399.2116824
288,33769,,7.028652,-27.93483,K4III,33856,52877,2646,,22Sig CMa,CMa,3.49,343.6426,4134.28108,105.42978,1120.810958
289,35453,,7.335383,21.98232,F0IV...,35550,56986,2777,Gl 271A,55Del Gem,Gem,3.5,18.5391,11.91242008,110.030745,60.466387
290,112364,,22.82802,66.200408,K0III,112724,216228,8694,,32Iot Cep,Cep,3.5,35.3482,43.33112852,342.4203,115.2902752
291,32672,,6.830683,-32.508478,B1.5IVne,32759,50013,2538,,13Kap CMa,CMa,3.5,202.0202,1415.141933,102.460245,658.9010035
292,112389,,22.833385,24.601579,M2III,112748,216131,8684,NN 4298,48Mu  Peg,Peg,3.51,32.5309,36.34126161,342.500775,106.1014822
293,98026,,19.979285,19.492148,K5III,98337,189319,7635,,12Gam Sge,Sge,3.51,79.2393,215.7744409,299.689275,258.4437313
294,109081,,22.169996,6.197865,A2V,109427,210418,8450,Wo 9771,26The Peg,Peg,3.52,28.2965,27.26465459,332.54994,92.29073254
295,118838,,12.694171,-1.449235,F0 V,,110380,4826,Gl 482B,29Gam Vir,Vir,3.52,11.8301,4.764309868,190.412565,38.58458096
296,92793,,18.962167,-21.106654,G8/K0II/III,93085,175775,7150,,37Xi 2Sgr,Sgr,3.52,111.9821,426.972594,284.432505,365.2363381
297,92133,Sheliak,18.834665,33.362667,A8:V comp SB,92420,174638,7106,,10Bet Lyr,Lyr,3.52,294.9853,2962.101936,282.519975,962.1122551
298,48635,,9.947708,-54.56779,B5Ib,48774,86440,3940,,Phi Vel,Vel,3.52,487.8049,8098.414473,149.21562,1591.00495
299,47373,,9.685843,9.892308,A5V+...,47508,83808,3852,,14Omi Leo,Leo,3.52,39.9521,54.35005651,145.287645,130.3061713
300,17336,,3.720806,-9.763395,K0IV,17378,23249,1136,Gl 150,23Del Eri,Eri,3.52,9.0408,2.782274658,55.81209,29.48711165
301,40411,,8.275256,9.185545,K4III,40526,69267,3249,,17Bet Cnc,Cnc,3.53,93.0233,291.8770848,124.12884,303.4010743
302,20837,,4.476943,19.180431,K0III,20889,28305,1409,,74Eps Tau,Tau,3.53,44.964,68.17105263,67.154145,146.6527838
303,56174,,11.550038,-31.857625,G8III,56343,100407,4450,,Xi  Hya,Hya,3.54,39.7456,52.77156818,173.25057,129.6326591
304,77280,,15.827002,-3.430208,A0V,77516,141513,5881,,32Mu  Ser,Ser,3.54,52.0021,90.36494737,237.40503,169.6079693
305,85998,,17.626445,-15.398557,F0IIIp,86263,159876,6561,,55Xi  Ser,Ser,3.54,32.2789,34.8337315,264.396675,105.2795691
306,69773,,14.323396,-46.058093,B2.5IV,69996,125238,5354,,Iot Lup,Lup,3.55,103.6269,355.467582,214.85094,337.985352
307,27220,,5.782595,-14.82195,A2Vann,27288,38678,1998,Gl 217.1,14Zet Lep,Lep,3.55,21.6076,15.45966219,86.738925,70.47448386
308,98924,,20.145157,-66.182068,G5IV-Vvar,99240,190248,7665,Gl 780,Del Pav,Pav,3.55,6.1084,1.235947433,302.177355,19.9229131
309,89660,,18.350736,72.732843,F7Vvar,89937,170153,6927,Gl 713A,44Chi Dra,Dra,3.55,8.0574,2.14980961,275.26104,26.27969354
310,19992,,4.298237,-33.798348,B9V,20042,27376,1347,,41Ups4Eri,Eri,3.55,54.5554,98.53715069,64.473555,177.9357104
311,1559,,0.323799,-8.823921,K2III,1562,1522,74,,8Iot Cet,Cet,3.56,84.1751,232.4877102,4.856985,274.5421392
312,10578,,2.275154,-51.512165,B8IV-V,10602,14228,674,,Phi Eri,Eri,3.56,47.1254,72.84504233,34.12731,153.7023196
313,82294,,16.872263,-38.017536,B2IV,82545,151985,6252,,Mu 2Sco,Sco,3.56,145.3488,693.1065451,253.083945,474.0638321
314,55118,,11.322347,-14.778541,K0III,55282,98430,4382,,12Del Crt,Crt,3.56,56.9476,106.3653075,169.835205,185.7380143
315,37633,,7.740793,24.397993,G8III,37740,62345,2985,,77Kap Gem,Gem,3.57,43.3463,61.09420249,116.111895,141.3765582
316,70828,,14.5305,30.371437,K3III,71053,127665,5429,,25Rho Boo,Boo,3.57,49.0918,78.34296428,217.9575,160.1158512
317,74948,,15.36344,-36.261376,K5III,75177,136422,5705,,Phi1Lup,Lup,3.57,84.317,231.206479,230.4516,275.0049545
318,44343,,9.060427,47.156525,A1Vn,44471,77327,3594,,12Kap UMa,UMa,3.57,109.8901,392.6449354,135.906405,358.4131546
319,35253,,7.30155,16.540383,A3V...,35350,56537,2763,Wo 9231A,54Lam Gem,Gem,3.58,30.931,30.81768417,109.52325,100.8833124
320,99743,,20.300904,-12.544852,G6/G8III,100064,192947,7754,,6Alp2Cap,Cap,3.58,32.4465,33.91563869,304.51356,105.8262065
321,27006,,5.741057,-22.448382,F7V,27072,38393,1983,Gl 216A,13Gam Lep,Lep,3.59,8.927,2.544485615,86.115855,29.11594612
322,60075,,12.356031,-60.401147,K3/K4III,60260,107446,4700,,Eps Cru,Cru,3.59,70.4722,158.4893192,185.340465,229.8493086
323,57584,,11.844922,1.764718,F8V,57757,102870,4540,Gl 449,5Bet Vir,Vir,3.59,10.929,3.812413511,177.67383,35.64558924
324,24614,,5.293442,-6.844409,B5III,24674,34503,1735,,20Tau Ori,Ori,3.59,151.5152,732.4871327,79.40163,494.1759157
325,7593,,1.633205,48.628213,K3III,7607,9927,464,,51    And,And,3.59,54.3183,94.18895965,24.498075,177.1623945
326,32932,,6.879816,33.961254,A3III,33018,50019,2540,,34The Gem,Gem,3.6,57.971,106.2673865,103.19724,189.0758948
327,85467,,17.518318,-60.683848,B8V,85727,158094,6500,,Del Ara,Ara,3.6,60.6796,116.4126029,262.77477,197.9101562
328,42416,,8.671554,-52.921887,B3IV,42536,74195,3447,,,Vel,3.6,151.2859,723.7690371,130.07331,493.42804
329,46518,,9.511674,-40.466769,F2IV,46651,82434,3786,Gl 351A,Psi Vel,Vel,3.6,18.8147,11.18922482,142.67511,61.36527293
330,6523,,1.40039,-8.183257,K0III,6537,8512,402,,45The Cet,Cet,3.6,34.8918,38.51234824,21.00585,113.8016992
331,76235,,15.61707,-28.135079,K3III,76470,139063,5794,,39Ups Lib,Lib,3.6,68.5871,148.730487,234.25605,223.7009419
332,49700,,10.176467,-12.354083,K0III,49841,88284,3994,,41Lam Hya,Hya,3.61,34.5066,37.32501578,152.647005,112.5453463
333,13176,,2.833063,27.260507,B8Vn,13209,17573,838,,41    Ari,Ari,3.61,50.7872,80.83510374,42.495945,165.6455
334,63411,,13.037759,-71.548855,K2III,63613,112985,4923,,Del Mus,Mus,3.61,27.8707,24.34445184,195.566385,90.90196029
335,15861,,3.413554,9.02887,G8III,15900,21120,1030,,1Omi Tau,Tau,3.61,89.2061,249.3446188,51.20331,290.9510475
336,86661,,17.762221,-64.723871,K1III,86929,160635,6582,,Eta Pav,Pav,3.61,107.9914,365.4264678,266.433315,352.2204306
337,37711,,7.754249,-37.968584,K4III,37819,63032,3017,,,Pup,3.62,347.2222,3742.829122,116.313735,1132.486039
338,113366,,23.032017,42.325979,B6pv SB,113726,217675,8762,,1Omi And,And,3.62,210.5263,1376.575387,345.480255,686.644159
339,17805,,3.819373,24.053415,B8III,17847,23850,1178,,27    Tau,Tau,3.62,117.2333,426.5795188,57.290595,382.3634419
340,82477,,16.909731,-42.361313,K4III,82729,152334,6271,,Zet2Sco,Sco,3.62,40.568,51.09754091,253.645965,132.3149661
341,7083,,1.524725,15.345823,G8III,7097,9270,437,,99Eta Psc,Psc,3.62,107.1811,356.7795883,22.870875,349.5775885
342,57190,,11.760141,-66.728763,A7III,57363,102249,4520,,Lam Mus,Mus,3.63,38.9864,46.77351413,176.402115,127.1564828
343,101442,,20.625816,14.595087,F5IV,101769,196524,7882,,6Bet Del,Del,3.64,30.931,29.16083799,309.38724,100.8833124
344,20155,,4.329889,15.627642,G8III,20205,27371,1346,,54Gam Tau,Tau,3.65,49.5295,74.06277837,64.948335,161.543436
345,76997,,15.769793,15.421826,A3V,77233,141003,5867,,28Bet Ser,Ser,3.65,47.5511,68.29674408,236.546895,155.0907657
346,88439,,18.11052,-50.091477,B2Ib,88714,165024,6743,,The Ara,Ara,3.65,249.3766,1877.586699,271.6578,813.3567435
347,46600,,9.525453,63.061861,F0IV,46733,81937,3757,NN 3559,23    UMa,UMa,3.65,23.8152,17.12379421,142.881795,77.67470371
348,110614,,22.480531,-0.019972,F3III-IV,110960,213051,8558,,55Zet1Aqr,Aqr,3.65,28.169,23.96624529,337.207965,91.87488364
349,76365,,15.64427,-29.777754,B2.5V,76600,139365,5812,,40Tau Lib,Lib,3.66,112.4859,378.4425847,234.66405,366.879512
350,75466,,15.463818,29.105703,F0p,75695,137909,5747,,3Bet CrB,CrB,3.66,34.2818,35.15604405,231.95727,111.8121476
351,102895,,20.913498,-58.454155,K0III,103227,198700,7986,,Bet Ind,Ind,3.67,187.6173,1043.277881,313.70247,611.925081
352,68537,Thuban,14.073165,64.37585,A0III SB,68756,123299,5291,,11Alp Dra,Dra,3.67,92.9368,256.0943517,211.097475,303.1189494
353,42709,,8.726539,-33.186385,B1.5III,42828,74575,3468,,Alp Pyx,Pyx,3.68,269.5418,2134.027443,130.898085,879.1267532
354,22496,,4.853434,5.605104,B2III SB,22549,30836,1552,,3Pi 4Ori,Ori,3.68,322.5806,3056.32828,72.80151,1052.115982
355,113980,,23.157443,-21.17241,K1III,114341,218594,8812,,88    Aqr,Aqr,3.68,82.9876,202.3019179,347.361645,270.6690367
356,97056,,19.789795,18.534286,M2II + B6,97365,187076,7536,,7Del Sge,Sge,3.68,182.1494,974.5407418,296.846925,594.0911971
357,57226,,11.767515,47.779406,K0III,57399,102224,4518,,63Chi UMa,UMa,3.69,56.3063,92.29963848,176.512725,183.6463758
358,47719,,9.754117,-62.507903,G5Iab/Ib,47854,84810,3884,,,Car,3.69,478.4689,6661.929002,146.311755,1560.555025
359,8989,,1.932564,-51.608896,G5IV,9007,11937,566,Gl 81A,Chi Eri,Eri,3.69,17.8508,9.272567426,28.98846,58.22145525
360,23398,,5.041301,41.075837,K4II comp,23453,32068,1612,,8Zet Aur,Aur,3.69,240.9639,1690.440932,75.619515,785.9182177
361,106642,,21.668181,-16.662308,A7III:mp...,106985,206088,8278,NN 4209,40Gam Cap,Cap,3.69,48.1464,67.48387309,325.022715,157.0323724
362,2914,,0.616188,53.896909,B2IV,2920,3360,153,,17Zet Cas,Cas,3.69,181.8182,962.0552192,9.24282,593.0109684
363,114609,,23.286094,3.282289,G7III,114971,219615,8852,,6Gam Psc,Psc,3.7,42.3012,51.61786055,349.29141,137.9679019
364,87661,,17.962744,29.24788,K0III,87933,163993,6703,,92Xi  Her,Her,3.7,41.9463,50.72242399,269.44116,136.8103742
365,15436,,3.325278,-21.757864,M3/M4III,15474,20720,1003,,16Tau4Eri,Eri,3.7,93.3707,251.420103,49.87917,304.5341403
366,28032,,5.940082,-14.1677,F1V,28103,40136,2085,Gl 225,16Eta Lep,Lep,3.71,14.8787,6.327031549,89.10123,48.52777277
367,97725,Alshain,19.921887,6.406763,G8IVvar,98036,188512,7602,Gl 771A,60Bet Aql,Aql,3.71,13.6986,5.360434578,298.828305,44.67880582
368,22744,,4.904193,2.440672,B2III SB,22797,31237,1567,,8Pi 5Ori,Ori,3.71,411.5226,4839.494493,73.562895,1342.205651
369,88494,,18.122496,9.563847,A4IVs,88771,165777,6771,Wo 9615A,72    Oph,Oph,3.71,26.6312,20.26749152,271.83744,86.85925667
370,38304,,7.870288,-40.575786,G5III...,38414,64440,3080,,,Pup,3.71,108.1081,333.8873767,118.05432,352.6010546
371,77386,,15.846935,4.47773,A2m,77622,141795,5892,NN 3921,37Eps Ser,Ser,3.71,21.5983,13.32907464,237.704025,70.44415135
372,16496,,3.548848,-9.458262,K2V,16537,22049,1084,Gl 144,18Eps Eri,Eri,3.72,3.2161,0.292954383,53.23272,10.48950312
373,103725,,21.082184,43.927852,K5Ibv SB,104060,200905,8079,,62Xi  Cyg,Cyg,3.72,258.3979,1889.731054,316.23276,842.7802547
374,28287,,5.992111,54.284656,K0III,28358,40035,2077,,33Del Aur,Aur,3.72,38.6399,42.26686143,89.881665,126.0263522
375,17457,,3.747927,24.113339,B6III,17499,23302,1142,,17    Tau,Tau,3.72,124.0695,435.7124805,56.218905,404.6601184
376,112601,,22.87691,-7.579599,M2IIIvar,112961,216386,8698,,73Lam Aqr,Aqr,3.73,118.0638,391.2010394,343.15365,385.0721675
377,71994,,14.770812,1.892885,A0V,72220,130109,5511,,109    Vir,Vir,3.73,41.2371,47.68699981,221.56218,134.4972759
378,106746,,21.691253,-77.390046,K0III,107089,205478,8254,Gl 835.1,Nu  Oct,Oct,3.73,21.1999,12.61246575,325.368795,69.14474584
379,16044,,3.45282,9.73268,B9Vn,16083,21364,1038,,2Xi  Tau,Tau,3.73,64.1026,115.2391377,51.7923,209.0744761
380,87314,,17.892134,56.872643,K2III,87585,163588,6688,,32Xi  Dra,Dra,3.73,34.5066,33.419504,268.38201,112.5453463
381,79928,,16.365338,19.15313,A9III,80170,147547,6095,,20Gam Her,Her,3.74,59.0667,97.00631338,245.48007,192.6495861
382,8628,,1.857676,-10.335038,K2III,8645,11353,539,,55Zet Cet,Cet,3.74,72.0461,144.2779623,27.86514,234.9826779
383,104549,,21.246517,38.045317,F1IV,104887,202444,8130,Gl 822.1A,65Tau Cyg,Cyg,3.74,20.3417,11.50270548,318.697755,66.34567505
384,44383,,9.069248,-47.097737,K2III,44511,78004,3614,,,Vel,3.75,91.8274,232.2736796,136.03872,299.5005747
385,86839,,17.798211,2.707276,A0V,87108,161868,6629,,62Gam Oph,Oph,3.75,31.5159,27.36528654,266.973165,102.7909988
386,110822,,22.521515,50.282491,A1V,111169,213558,8585,,7Alp Lac,Lac,3.76,31.4564,27.01469073,337.822725,102.596936
387,95554,,19.495098,51.729779,A5Vn,95853,184006,7420,,10Iot2Cyg,Cyg,3.76,37.2024,37.77461094,292.42647,121.3378597
388,30794,,6.480297,-7.033062,B3Ve,30867,45725,2356,,11Bet Mon,Mon,3.76,207.4689,1174.897555,97.204455,676.6722655
389,26004,,5.560421,-62.489825,F6Ia,26069,37350,1922,,Bet Dor,Dor,3.76,308.642,2598.962421,83.406315,1006.654402
390,27585,,5.855357,-20.879089,G8III/IV,27654,39364,2035,,15Del Lep,Lep,3.76,34.8675,33.17416497,87.830355,113.7224433
391,93388,,19.07805,-21.741496,K0III,93683,177241,7217,Wo 9641,39Omi Sgr,Sgr,3.76,43.554,51.7606832,286.17075,142.0539842
392,41195,,8.428951,-66.13689,K2IIIvar,41312,71878,3347,NN 3499,Bet Vol,Vol,3.77,32.9707,29.40356574,126.434265,107.5359163
393,108830,,22.116847,25.345112,F5V,109176,210027,8430,Gl 848,24Iot Peg,Peg,3.77,11.7261,3.718775833,331.752705,38.24537872
394,13234,,2.844945,55.895496,K3Ib comp SB,13268,17506,834,,15Eta Per,Per,3.77,269.5418,1964.264646,42.674175,879.1267532
395,17487,,3.753232,42.578549,F5IIvar,17529,23230,1135,,41Nu  Per,Per,3.77,170.6485,787.7710196,56.29848,556.5803217
396,105540,,21.444452,-22.411332,G4Ibp...,105881,204075,8204,,34Zet Cap,Cap,3.77,118.2033,377.7461094,321.66678,385.5271551
397,101629,,20.660635,15.912072,B9V,101958,196867,7906,,9Alp Del,Del,3.77,77.821,163.6816521,309.909525,253.8178608
398,26484,,5.645769,-2.600069,O9.5V...,26549,37468,1931,,48Sig Ori,Ori,3.77,328.9474,2926.846862,84.686535,1072.881682
399,82112,,16.82976,-59.041378,K5III,82363,151249,6229,,Eta Ara,Ara,3.77,91.7431,227.6145393,252.4464,299.2256252
400,20405,,4.382247,17.542514,G8III,20455,27697,1373,,61Del1Tau,Tau,3.77,47.7099,61.54602374,65.733705,155.6087014
401,42452,,8.677103,-46.648744,F3Ia,42570,74180,3445,,,Vel,3.77,100000,270395836.4,130.156545,326156
402,53099,,10.891559,-58.853171,K0III-IV...,53253,94510,4257,Gl 404.1,,Car,3.78,29.129,22.74049951,163.373385,95.00598124
403,102287,,20.794598,-9.495776,A1V,102618,198001,7950,,2Eps Aqr,Aqr,3.78,63.6943,108.742672,311.91897,207.7427811
404,71569,,14.68582,13.7283,A3IVn,71795,129246,5477,,30Zet Boo,Boo,3.78,53.8793,77.76783345,220.2873,175.7305697
405,48182,,9.849867,59.038735,F0IV,48319,84999,3888,,29Ups UMa,UMa,3.78,35.6379,34.04081897,147.748005,116.2351491
406,35946,,7.428779,27.79808,G9III+...,36046,58207,2821,,60Iot Gem,Gem,3.78,36.9004,36.47539469,111.431685,120.3528686
407,34389,,7.145788,-70.498932,G8IIIvar,34481,55865,2736,,Gam2Vol,Vol,3.78,42.8633,49.20395357,107.18682,139.8012247
408,14632,,3.158258,44.857544,K0III,14668,19476,941,,27Kap Per,Per,3.79,34.5662,31.71027439,47.37387,112.7397353
409,53075,,10.888526,34.214871,K0III-IV,53229,94264,4247,,46    LMi,LMi,3.79,29.0867,22.44915508,163.32789,94.86801725
410,99356,,20.227196,46.741329,K2II+...,99675,192577,7735,,31    Cyg,Cyg,3.8,271.0027,1931.968317,303.40794,883.8915662
411,94484,,19.28504,53.368459,K0III,94779,181276,7328,,1Kap Cyg,Cyg,3.8,38.0662,38.12413511,289.2756,124.1551953
412,37124,,7.647186,-26.803836,B5IV,37229,61555,2948,,,Pup,3.8,106.2699,297.0297844,114.70779,346.605655
413,76044,,15.580041,10.538867,F0IV,76276,138917,5788,,13Del Ser,Ser,3.8,69.9301,128.5878693,233.700615,228.081217
414,14843,,3.201249,-28.987618,F8V,14879,20010,963,Gl 127A,Alp For,For,3.8,14.2369,5.330893422,48.018735,46.43450356
415,21340,,4.592512,-30.562341,G8III,21393,29291,1464,,52Ups2Eri,Eri,3.81,65.5738,112.0985513,68.88768,213.8728831
416,76716,,15.712381,26.295637,A1Vs,76952,140436,5849,,8Gam CrB,CrB,3.81,44.7828,52.28775553,235.685715,146.0617892
417,51087,,10.464649,-58.739403,F2II,51232,90853,4114,,,Car,3.81,411.5226,4413.671435,156.969735,1342.205651
418,116218,,23.626056,46.458152,G8III-IV,116584,222107,8961,Wo 9832,16Lam And,And,3.81,26.4061,18.18025624,354.39084,86.12507952
419,56044,,11.523407,69.331076,M0IIIvar,56211,100029,4434,,1Lam Dra,Dra,3.82,102.145,269.4014941,172.851105,333.1520462
420,80637,,16.515229,1.983923,A2V,80883,148857,6149,,10Lam Oph,Oph,3.82,53.0786,72.77798045,247.728435,173.1190386
421,86148,,17.657747,46.006332,B3V SB,86414,160762,6588,,85Iot Her,Her,3.82,139.47,502.1113055,264.866205,454.8897732
422,45557,,9.314069,36.802597,A1V,45688,80081,3690,,38    Lyn,Lyn,3.82,38.2702,37.80941867,139.711035,124.8205535
423,9467,,2.034117,2.763759,A2,9487,12446,595,,113Alp Psc,Psc,3.82,46.1681,55.05540985,30.511755,150.5800282
424,68027,,13.971186,-42.100753,B2IV,68245,121743,5248,,Phi Cen,Cen,3.83,161.0306,663.7430704,209.56779,525.2109637
425,72144,,14.797701,-79.044751,K5III,72370,129078,5470,,Alp Aps,Aps,3.83,136.9863,479.9544249,221.965515,446.7890366
426,50924,,10.434842,-16.83629,K4III,51069,90432,4094,,42Mu  Hya,Hya,3.83,71.7875,131.8256739,156.52263,234.1392385
427,88517,,18.125708,28.762488,B9.5V,88794,166014,6779,,103Omi Her,Her,3.84,103.6269,272.1447746,271.88562,337.985352
428,51475,,10.546853,9.306586,B1Ib SB,51624,91316,4133,,47Rho Leo,Leo,3.84,100000,253512863,158.202795,326156
429,89064,,18.229392,-21.058834,B2III:,89341,166937,6812,,13Mu  Sgr,Sgr,3.84,100000,253512863,273.44088,326156
430,51837,,10.621717,-48.22562,A3m+...,51986,92139,4167,,,Vel,3.84,26.8384,18.26417249,159.325755,87.5350519
431,20833,,4.476248,15.962181,G7III,20885,28307,1411,,77The1Tau,Tau,3.84,47.3261,56.80675741,67.14372,154.3569147
432,43659,,8.917457,-60.644609,B8III,43783,76728,3571,,,Car,3.84,98.0392,243.6688423,133.761855,319.7607332
433,17398,,3.736593,-64.806903,K0IV SB,17440,23817,1175,Gl 154.2,Bet Ret,Ret,3.84,29.8597,22.5943577,56.048895,97.38920313
434,61008,,12.541134,-72.132988,B5V,61199,109026,4773,,Gam Mus,Mus,3.84,99.6016,251.420103,188.11701,324.8565945
435,17406,,3.738648,32.288248,B1III,17448,23180,1131,,38Omi Per,Per,3.84,343.6426,2995.021884,56.07972,1120.810958
436,97124,,19.80285,70.26793,G8III,97433,188119,7582,,63Eps Dra,Dra,3.84,45.3721,52.19152658,297.04275,147.9838265
437,30204,,6.368564,-33.4364,G7II,30277,44762,2296,,Del Col,Col,3.85,71.736,129.3004392,95.52846,233.9712682
438,27253,,5.788079,-51.066514,A3V,27321,39060,2020,Gl 219,Bet Pic,Pic,3.85,19.4401,9.488553267,86.821185,63.40505256
439,89860,,18.394967,21.769752,K2III,90139,169414,6895,,109    Her,Her,3.85,36.4697,33.419504,275.924505,118.9481147
440,19697,,4.233363,-42.294368,K1III,19747,26967,1326,,Alp Hor,Hor,3.85,35.2609,31.21763511,63.500445,115.005541
441,50050,,10.245607,-42.121942,A2V,50191,88955,4023,,,Vel,3.85,31.0752,24.25492857,153.684105,101.3536293
442,77836,,15.940882,15.661617,F6V,78072,142860,5933,Gl 603,41Gam Ser,Ser,3.85,11.2537,3.179801428,239.11323,36.70461777
443,61088,,12.558058,69.788238,B6IIIp,61281,109387,4787,,5Kap Dra,Dra,3.85,150.3759,568.0675741,188.37087,490.4600204
444,90835,,18.586785,-8.244073,K2III,91117,171443,6973,,Alp Sct,Sct,3.85,61.0501,93.58365436,278.801775,199.1185642
445,61429,,12.628394,-48.541304,A2V,61622,109787,4802,,Tau Cen,Cen,3.85,40.2414,40.66305463,189.42591,131.2497406
446,21541,,4.63634,-14.30402,K1III,21594,29503,1481,Wo 9160A,53    Eri,Eri,3.86,33.6814,28.23579369,69.5451,109.853907
447,80819,,16.557609,-78.897148,K0IV SB,81065,147675,6102,Gl 626.1,Gam Aps,Aps,3.86,47.9157,57.12155216,248.364135,156.2799305
448,4426,,0.945885,38.499345,A5V,4436,5448,269,,37Mu  And,And,3.86,39.7772,39.37313537,14.188275,129.7357244
449,87537,,17.93755,37.250539,K1IIvar,87808,163770,6695,,91The Her,Her,3.86,230.9469,1328.005886,269.06325,753.2471712
450,25794,,5.520209,-35.470519,K1II/III,25859,36597,1862,,Eps Col,Col,3.86,80.7103,162.1810097,82.803135,263.2414861
451,110049,,22.360938,-1.387331,A0V,110395,212061,8518,Wo 9779,48Gam Aqr,Aqr,3.86,50.2008,62.7480162,335.41407,163.7329212
452,79423,,16.257297,-63.685682,G5II,79664,145544,6030,,Del TrA,TrA,3.86,186.2197,862.9785478,243.859455,607.3667247
453,97493,,19.874547,1.005661,F6Ibv SB,97804,187929,7570,,55Eta Aql,Aql,3.87,423.7288,4425.883724,298.118205,1382.016905
454,42904,,8.767124,-46.041527,A1III,43023,75063,3487,,,Vel,3.87,568.1818,7957.927899,131.50686,1853.159032
455,77868,,15.948077,-29.214073,B2IV/V,78104,142669,5928,,5Rho Sco,Sco,3.87,144.7178,516.6542426,239.221155,472.0057878
456,68064,,13.977987,-44.803584,B2IV-V,68282,121790,5249,,Ups1Cen,Cen,3.87,131.0616,423.4479162,209.669805,427.4652721
457,17532,,3.763779,24.367748,B8III,17573,23408,1149,,20    Tau,Tau,3.87,117.5088,340.4081897,56.456685,383.2620017
458,71731,,14.717673,-5.658207,F2III,71957,129502,5487,Wo 9491,107Mu  Vir,Vir,3.87,18.2715,8.233794052,220.765095,59.59359354
459,74148,,15.198918,-48.737819,B9V,74376,134481,5646,,Kap1Lup,Lup,3.88,55.1876,74.40463662,227.98377,179.9976687
460,48318,,9.879398,26.006951,K0III,48455,85503,3905,,24Mu  Leo,Leo,3.88,38.0518,35.38343568,148.19097,124.1082288
461,763,,0.156836,-45.747426,K0III,765,496,25,Gl 9.1,Eps Phe,Phe,3.88,44.2087,47.77492347,2.35254,144.1893276
462,8813,,1.89217,19.293852,A1p Si,8832,11502,546,,5Gam2Ari,Ari,3.88,50.3018,61.83010728,28.38255,164.0623388
463,114059,,23.17264,-45.246711,K0III SB,114421,218670,8820,,Iot Gru,Gru,3.88,56.1798,77.1258565,347.5896,183.2337885
464,59945,,12.331766,-0.666803,A2IV,60129,107259,4689,,15Eta Vir,Vir,3.89,81.367,160.2507239,184.97649,265.3833525
465,33065,,6.902209,-24.184211,K3Iab,33152,50877,2580,,16Omi1CMa,CMa,3.89,100000,242102904.7,103.533135,326156
466,45204,,9.239405,2.31428,B9.5V,45336,79469,3665,,22The Hya,Hya,3.89,34.7947,29.32243282,138.591075,113.4850017
467,97799,,19.938438,35.083424,K0IIIvar,98110,188947,7615,,21Eta Cyg,Cyg,3.89,41.3736,41.45720318,299.07657,134.9424788
468,13667,,2.940458,-8.898144,K1III-IV,13701,18322,874,,3Eta Eri,Eri,3.89,41.8585,42.42286549,44.10687,136.5240093
469,65729,,13.517405,-39.407307,G8II/III,65936,117440,5089,,,Cen,3.9,277.7778,1850.120435,202.761075,905.9889614
470,47297,,9.664267,-1.14281,K3IIIvar,47431,83618,3845,,35Iot Hya,Hya,3.9,80.7103,156.3147643,144.964005,263.2414861
471,55260,,11.350117,-54.491019,B5Vn,55425,98718,4390,,Pi  Cen,Cen,3.9,109.6491,288.4031503,170.251755,357.6271186
472,79750,,16.329011,46.313366,B5IV,79992,147394,6092,,22Tau Her,Her,3.91,94.2507,211.0571163,244.935165,307.4043131
473,41190,,8.427676,-3.906424,A0V,41307,71155,3314,,,Hya,3.91,37.5094,33.45029868,126.41514,122.3391587
474,60635,,12.467331,-50.230635,B3V,60823,108483,4743,,Sig Cen,Cen,3.91,126.2626,378.7913038,187.009965,411.8130457
475,76100,,15.592105,-14.789537,K0III,76333,138905,5787,NN 3912,38Gam Lib,Lib,3.91,50.025,59.48397741,233.881575,163.159539
476,18860,,4.052606,5.989305,A1V,18907,25490,1251,,38Nu  Tau,Tau,3.91,35.8551,30.5632828,60.78909,116.94356
477,73579,,15.085303,-47.051245,B5,73807,133242,5605,,Pi  Lup,Lup,3.91,135.8696,438.9347855,226.279545,443.1468526
478,94873,,19.361211,-17.847197,F0III/IV,95168,181577,7340,NN 4107,44Rho1Sgr,Sgr,3.92,38.9257,35.67795883,290.418165,126.9585061
479,104649,,21.263731,5.247845,G0III+...,104987,202447,8131,,8Alp Equ,Equ,3.92,58.3431,80.16780634,318.955965,190.2895212
480,82952,,17.004827,30.926405,A0V,83207,153808,6324,,58Eps Her,Her,3.92,47.5285,53.21082593,255.072405,155.0170545
481,13497,,2.904295,52.762479,G4III...,13531,17878,854,,18Tau Per,Per,3.93,77.9423,141.7751123,43.564425,254.213488
482,21391,,4.605317,-3.352459,B2III SB,21444,29248,1463,,48Nu  Eri,Eri,3.93,207.0393,1000,69.079755,675.2710993
483,78693,,16.113452,-20.669192,B1V,78933,144470,5993,,9Ome1Sco,Sco,3.93,144.5087,487.0796665,241.70178,471.3237956
484,54304,,11.143165,-58.975037,G0Ia0,54463,96918,4337,,,Car,3.93,100000,233345806.2,167.147475,326156
485,87920,,18.010754,2.931568,B5Ib,88192,164353,6714,,67    Oph,Oph,3.93,377.3585,3323.533036,270.16131,1230.777389
486,2069,,0.436716,-43.679829,A7V,2072,2262,100,Gl 20,Kap Phe,Phe,3.93,23.8095,13.23122333,6.55074,77.65611282
487,37397,,7.697004,-72.606098,K0III,37504,63295,3024,,Zet Vol,Vol,3.93,43.2339,43.61139714,115.45506,141.0099589
488,7068,,1.520851,-49.072702,K0III-IV,7083,9362,440,,Del Phe,Phe,3.93,43.573,44.29961991,22.812765,142.1159539
489,5337,,1.139742,-55.24576,B6V + B0V,5348,6882,338,,Zet Phe,Phe,3.94,91.5751,193.9099079,17.09613,298.6776832
490,103081,,20.952893,41.167136,A1Vn,103413,199629,8028,,58Nu  Cyg,Cyg,3.94,114.8106,304.789499,314.293395,374.4616605
491,37340,,7.687454,-9.551131,K0III,37447,61935,2970,,26Alp Mon,Mon,3.94,45.3104,47.46789795,115.31181,147.7825882
492,37570,,7.73013,-28.954826,A2Iab,37677,62623,2996,,3    Pup,Pup,3.94,100000,231206479,115.95195,326156
493,42792,,8.74475,18.154309,K0III,42911,74442,3461,,47Del Cnc,Cnc,3.94,40.032,37.05100563,131.17125,130.5667699
494,118887,,13.398996,54.920471,A1 m,,116657,5055,NN 3784B,79Zet UMa,UMa,3.95,24.1546,13.36595517,200.98494,78.78167718
495,31512,,6.611399,-19.255879,K1III+...,31592,47205,2429,Gl 239.1,7Nu 2CMa,CMa,3.95,19.7511,8.937169609,99.170985,64.41939772
496,9577,,2.057268,72.421294,A2V,9598,12216,580,,50    Cas,Cas,3.95,48.1696,53.16183951,30.85902,157.1080406
497,19296,,4.144357,47.712513,B3Ve,19343,25940,1273,,48    Per,Per,3.96,146.1988,485.2885002,62.165355,476.8361581
498,28256,,5.985778,-42.815135,K0III,28328,40808,2120,,Eta Col,Col,3.96,144.7178,475.5541763,89.78667,472.0057878
499,44972,,9.187985,-62.316977,B3IV,45101,79447,3663,,,Car,3.96,166.3894,628.6370884,137.819775,542.6890115
